datetime,pm2_5,pm10,no2,o3,aqi
2026-10-04 09:00:00+00:00,14.24,17.89,23.86,35.07,2
2026-10-04 10:00:00+00:00,14.31,17.66,22.44,35.81,2
2026-10-04 11:00:00+00:00,14.01,17.09,21.23,37.36,2
2026-10-04 12:00:00+00:00,13.87,16.76,21.06,38.8,2
2026-10-04 13:00:00+00:00,13.34,16.02,22.38,39.87,2
2026-10-04 14:00:00+00:00,12.42,14.9,24.84,40.11,2
2026-10-04 15:00:00+00:00,11.74,14.02,28.05,39.99,2
2026-10-04 16:00:00+00:00,11.98,14.13,32.13,39.87,2
2026-10-04 17:00:00+00:00,12.42,14.53,35.45,41.42,2
2026-10-04 18:00:00+00:00,12.57,14.67,34.77,46.21,2
2026-10-04 19:00:00+00:00,12.47,14.59,31.43,51.46,2
2026-10-04 20:00:00+00:00,12.74,14.89,31.51,51.78,2
2026-10-04 21:00:00+00:00,13.04,15.2,34.12,48.51,2
2026-10-04 22:00:00+00:00,13.21,15.31,37.52,43.57,2
2026-10-04 23:00:00+00:00,12.98,15.0,39.08,39.35,2
2026-10-05 00:00:00+00:00,12.55,14.47,39.38,36.09,2
2026-10-05 01:00:00+00:00,12.01,13.83,38.54,34.39,2
2026-10-05 02:00:00+00:00,11.45,13.18,36.68,34.0,2
2026-10-05 03:00:00+00:00,10.84,12.5,33.34,35.98,2
2026-10-05 04:00:00+00:00,8.86,10.42,23.15,47.95,1
2026-10-05 05:00:00+00:00,7.62,9.09,18.03,54.49,1
2026-10-05 06:00:00+00:00,7.26,8.66,16.84,55.22,1
2026-10-05 07:00:00+00:00,7.22,8.56,16.85,54.3,1
2026-10-05 08:00:00+00:00,7.34,8.63,17.49,53.39,1
2026-10-05 09:00:00+00:00,7.51,8.75,16.94,53.67,1
2026-10-05 10:00:00+00:00,7.74,8.93,16.2,55.01,1
2026-10-05 11:00:00+00:00,8.07,9.24,15.81,56.21,1
2026-10-05 12:00:00+00:00,8.46,9.6,15.76,57.54,1
2026-10-05 13:00:00+00:00,9.0,10.12,16.83,57.52,1
2026-10-05 14:00:00+00:00,9.8,10.9,19.61,55.79,1
2026-10-05 15:00:00+00:00,10.85,11.96,23.98,52.53,2
2026-10-05 16:00:00+00:00,12.2,13.34,31.07,46.32,2
2026-10-05 17:00:00+00:00,13.44,14.61,40.38,37.99,2
2026-10-05 18:00:00+00:00,13.55,14.7,42.75,36.66,2
2026-10-05 19:00:00+00:00,12.02,13.09,33.41,46.13,2
2026-10-05 20:00:00+00:00,12.0,13.04,32.82,44.32,2
2026-10-05 21:00:00+00:00,12.15,13.16,33.25,40.97,2
2026-10-05 22:00:00+00:00,12.31,13.3,33.45,38.22,2
2026-10-05 23:00:00+00:00,12.44,13.39,33.21,36.31,2
2026-10-06 00:00:00+00:00,12.59,13.51,32.52,35.47,2
2026-10-06 01:00:00+00:00,11.19,12.04,27.86,39.71,2
2026-10-06 02:00:00+00:00,10.11,10.9,21.69,46.21,2
2026-10-06 03:00:00+00:00,9.89,10.67,17.61,51.17,1
2026-10-06 04:00:00+00:00,9.98,10.78,14.41,55.31,1
2026-10-06 05:00:00+00:00,10.01,10.83,11.84,59.44,2
2026-10-06 06:00:00+00:00,9.87,10.73,10.02,63.35,2
2026-10-06 07:00:00+00:00,9.6,10.56,8.72,66.87,2
2026-10-06 08:00:00+00:00,9.4,10.52,8.12,69.66,2
2026-10-06 09:00:00+00:00,9.74,11.13,7.49,72.2,2
2026-10-06 10:00:00+00:00,12.05,13.91,7.02,75.7,2
2026-10-06 11:00:00+00:00,16.44,19.0,7.16,78.03,2
2026-10-06 12:00:00+00:00,22.26,25.57,7.37,81.06,2
2026-10-06 13:00:00+00:00,26.18,29.98,7.78,85.69,3
2026-10-06 14:00:00+00:00,26.9,30.84,7.21,92.13,3
2026-10-06 15:00:00+00:00,25.28,29.19,6.8,97.85,3
2026-10-06 16:00:00+00:00,22.21,25.3,6.82,101.48,3
2026-10-06 17:00:00+00:00,18.43,20.81,7.07,101.87,3
2026-10-06 18:00:00+00:00,15.79,17.91,7.48,99.67,2
2026-10-06 19:00:00+00:00,14.58,16.53,8.1,95.19,2
2026-10-06 20:00:00+00:00,13.57,15.18,9.3,87.73,2
2026-10-06 21:00:00+00:00,13.37,14.82,11.32,78.15,2
2026-10-06 22:00:00+00:00,14.6,15.96,11.27,78.15,2
2026-10-06 23:00:00+00:00,16.77,18.1,11.01,79.31,2
2026-10-07 00:00:00+00:00,18.2,19.32,10.14,80.0,2
2026-10-07 01:00:00+00:00,18.26,19.08,8.63,81.87,2
2026-10-07 02:00:00+00:00,17.63,18.3,7.45,83.51,2
2026-10-07 03:00:00+00:00,16.98,17.6,6.57,84.69,2
2026-10-07 04:00:00+00:00,16.25,16.87,6.03,85.41,2
2026-10-07 05:00:00+00:00,15.75,16.36,5.79,85.2,2
2026-10-07 06:00:00+00:00,15.85,16.46,6.19,83.12,2
2026-10-07 07:00:00+00:00,15.91,16.54,7.14,79.62,2
2026-10-07 08:00:00+00:00,14.75,15.42,8.44,74.47,2
2026-10-07 09:00:00+00:00,12.31,12.91,9.74,68.15,2
2026-10-07 10:00:00+00:00,9.81,10.33,10.13,64.9,2
2026-10-07 11:00:00+00:00,7.51,7.93,10.42,62.35,2
2026-10-07 12:00:00+00:00,5.69,6.06,11.04,56.64,1
2026-10-07 13:00:00+00:00,4.13,4.46,11.76,49.77,1
2026-10-07 14:00:00+00:00,2.76,3.07,12.56,43.01,1
2026-10-07 15:00:00+00:00,1.86,2.13,13.08,39.77,1
2026-10-07 16:00:00+00:00,1.45,1.7,13.21,39.71,1
2026-10-07 17:00:00+00:00,1.39,1.64,13.21,41.19,1
2026-10-07 18:00:00+00:00,1.48,1.74,12.97,43.63,1
2026-10-07 19:00:00+00:00,1.54,1.91,11.91,48.3,1
2026-10-07 20:00:00+00:00,1.61,2.21,11.32,52.83,1
2026-10-07 21:00:00+00:00,1.62,2.5,10.65,56.77,1
2026-10-07 22:00:00+00:00,1.52,2.57,9.61,60.28,2
2026-10-07 23:00:00+00:00,1.35,2.44,8.66,63.01,2
2026-10-08 00:00:00+00:00,1.15,2.14,7.48,66.46,2
2026-10-08 01:00:00+00:00,0.9,1.7,5.87,71.57,2
2026-10-08 02:00:00+00:00,0.69,1.32,4.58,76.42,2
2026-10-08 03:00:00+00:00,0.55,1.03,3.71,80.08,2
2026-10-08 04:00:00+00:00,0.5,0.81,3.01,84.0,2
2026-10-08 05:00:00+00:00,0.5,0.71,2.7,87.21,2
2026-10-08 06:00:00+00:00,0.5,0.68,2.63,88.51,2
2026-10-08 07:00:00+00:00,0.5,0.68,2.79,88.12,2
2026-10-08 08:00:00+00:00,0.5,0.73,3.17,87.47,2
